{"cameraMode":{"drawMode":0,"name":"Shaded","section":"Shading Mode"},"sceneLighting":false,"audioPlay":false,"sceneViewState":{"m_AlwaysRefresh":false,"showFog":true,"showSkybox":false,"showFlares":true,"showImageEffects":true,"showParticleSystems":true,"showVisualEffectGraphs":true,"m_FxEnabled":true},"in2DMode":false,"pivot":{"x":-0.23063689470291139,"y":0.3387354612350464,"z":-0.25928258895874026},"rotation":{"x":0.5862381458282471,"y":0.03278759494423866,"z":-0.023755764588713647,"w":0.80912846326828},"size":1.2166870832443238,"orthographic":true}