{"cameraMode":{"drawMode":0,"name":"Shaded","section":"Shading Mode"},"sceneLighting":false,"audioPlay":false,"sceneViewState":{"m_AlwaysRefresh":false,"showFog":true,"showSkybox":false,"showFlares":true,"showImageEffects":true,"showParticleSystems":true,"showVisualEffectGraphs":true,"m_FxEnabled":true},"in2DMode":false,"pivot":{"x":14.280068397521973,"y":0.949032187461853,"z":3.7249279022216799},"rotation":{"x":-0.19096817076206208,"y":-0.23536929488182069,"z":0.04723868891596794,"w":-0.9518720507621765},"size":1.290187954902649,"orthographic":false}