{"cameraMode":{"drawMode":0,"name":"Shaded","section":"Shading Mode"},"sceneLighting":false,"audioPlay":false,"sceneViewState":{"m_AlwaysRefresh":false,"showFog":false,"showSkybox":false,"showFlares":false,"showImageEffects":false,"showParticleSystems":false,"showVisualEffectGraphs":true,"m_FxEnabled":true},"in2DMode":false,"pivot":{"x":5.960464477539063e-8,"y":0.9219272136688232,"z":-0.009345829486846924},"rotation":{"x":0.10543334484100342,"y":-0.879170835018158,"z":0.22916889190673829,"w":0.40438368916511538},"size":1.3079627752304078,"orthographic":false}